Year,Inflation Rate(%)
1991,13.87
1992,11.79
1993,6.33
1994,10.25
1995,10.22
1996,8.98
1997,7.16
1998,13.23
1999,4.67
2000,4.01
2001,3.78
2002,4.3
2003,3.81
2004,3.77
2005,4.25
2006,5.8
2007,6.37
2008,8.35
2009,10.88
2010,11.99
2011,8.91
2012,9.48
2013,10.02
2014,6.67
2015,4.91
2016,4.95
2017,3.33
2018,3.94
2019,3.73
2020,6.62
2021,5.13
2022,6.7
2023,5.65
2024,4.95
